{"stats":{"minecraft:mined":{"minecraft:large_fern":3,"minecraft:grass":1,"regions_unexplored:peat_grass_block":3,"regions_unexplored:peat_dirt":2,"regions_unexplored:medium_grass":5,"regions_unexplored:blackwood_leaves":1,"regions_unexplored:pink_bioshroom":1},"minecraft:picked_up":{"regions_unexplored:peat_dirt":5,"minecraft:wheat_seeds":2,"regions_unexplored:pink_bioshroom":1},"minecraft:custom":{"minecraft:time_since_rest":8133,"minecraft:play_time":8133,"minecraft:sprint_one_cm":35596,"minecraft:damage_taken":30,"minecraft:walk_one_cm":16843,"minecraft:walk_under_water_one_cm":270,"minecraft:drop":1,"minecraft:jump":216,"minecraft:leave_game":1,"minecraft:time_since_death":8133,"minecraft:walk_on_water_one_cm":827,"minecraft:total_world_time":8133,"minecraft:hex":0,"minecraft:swim_one_cm":887,"minecraft:fall_one_cm":5670,"minecraft:fly_one_cm":32029},"minecraft:used":{"minecraft:bread":2,"regions_unexplored:peat_dirt":5,"regions_unexplored:pink_bioshroom":1},"minecraft:dropped":{"minecraft:wheat_seeds":1}},"DataVersion":3465}